{"nm":"Record animation 1","ddd":0,"h":100,"w":100,"meta":{"g":"LottieFiles Figma v92"},"layers":[{"ty":4,"nm":"Player lid","sr":1,"st":0,"op":25,"ip":0,"hd":false,"ddd":0,"bm":0,"hasMask":false,"ao":0,"ks":{"a":{"a":0,"k":[40.5,23]},"s":{"a":0,"k":[100,100]},"sk":{"a":0,"k":0},"p":{"a":0,"k":[49.5,25]},"r":{"a":0,"k":0},"sa":{"a":0,"k":0},"o":{"a":0,"k":100}},"shapes":[],"ind":1},{"ty":4,"nm":"Vector 4","sr":1,"st":0,"op":25,"ip":0,"hd":false,"ddd":0,"bm":0,"hasMask":false,"ao":0,"ks":{"a":{"a":0,"k":[40.5,0]},"s":{"a":0,"k":[100,100]},"sk":{"a":0,"k":0},"p":{"a":0,"k":[40.5,15]},"r":{"a":0,"k":0},"sa":{"a":0,"k":0},"o":{"a":0,"k":100}},"shapes":[{"ty":"sh","bm":0,"hd":false,"nm":"","d":1,"ks":{"a":0,"k":{"c":true,"i":[[0,0],[0,0],[0,0],[0,0],[0,0],[0,0],[0,0]],"o":[[0,0],[0,0],[0,0],[0,0],[0,0],[0,0],[0,0]],"v":[[0,0],[0,1.5],[81,1.5],[81,0],[81,-1.5],[0,-1.5],[0,0]]}}},{"ty":"fl","bm":0,"hd":false,"nm":"","c":{"a":0,"k":[0.7647,0.7334,0.6118]},"r":1,"o":{"a":0,"k":100}}],"ind":2,"parent":1},{"ty":4,"nm":"Vector 1","sr":1,"st":0,"op":25,"ip":0,"hd":false,"ddd":0,"bm":0,"hasMask":false,"ao":0,"ks":{"a":{"a":0,"k":[6.92,5.5]},"s":{"a":0,"k":[100,100]},"sk":{"a":0,"k":0},"p":{"a":0,"k":[21.08,31.5]},"r":{"a":0,"k":0},"sa":{"a":0,"k":0},"o":{"a":0,"k":100}},"shapes":[{"ty":"sh","bm":0,"hd":false,"nm":"","d":1,"ks":{"a":0,"k":{"c":true,"i":[[0,0],[0.8,-0.21],[-0.21,-0.8],[0,0],[0,0]],"o":[[-0.21,-0.8],[-0.8,0.21],[0,0],[0,0],[0,0]],"v":[[1.45,-0.39],[-0.39,-1.45],[-1.45,0.39],[0,0],[1.45,-0.39]]}}},{"ty":"sh","bm":0,"hd":false,"nm":"","d":1,"ks":{"a":0,"k":{"c":true,"i":[[0,0],[0,0.83],[0.83,0],[0,0],[0,0]],"o":[[0.83,0],[0,-0.83],[0,0],[0,0],[0,0]],"v":[[13.85,12.5],[15.35,11],[13.85,9.5],[13.85,11],[13.85,12.5]]}}},{"ty":"sh","bm":0,"hd":false,"nm":"","d":1,"ks":{"a":0,"k":{"c":true,"i":[[0,0],[0,0],[0,0],[0,0],[0,0],[0,0],[0,0]],"o":[[0,0],[0,0],[0,0],[0,0],[0,0],[0,0],[0,0]],"v":[[0,0],[-1.45,0.39],[1.28,10.64],[2.73,10.26],[4.18,9.87],[1.45,-0.39],[0,0]]}}},{"ty":"sh","bm":0,"hd":false,"nm":"","d":1,"ks":{"a":0,"k":{"c":true,"i":[[0,0],[0,0],[0,0],[0,0],[0,0],[0,0],[0,0]],"o":[[0,0],[0,0],[0,0],[0,0],[0,0],[0,0],[0,0]],"v":[[3.7,11],[3.7,12.5],[13.85,12.5],[13.85,11],[13.85,9.5],[3.7,9.5],[3.7,11]]}}},{"ty":"sh","bm":0,"hd":false,"nm":"","d":1,"ks":{"a":0,"k":{"c":true,"i":[[0,0],[0,0],[-1.13,0],[0,0],[0,0],[-0.06,-0.22],[0,0]],"o":[[0,0],[0.29,1.09],[0,0],[0,0],[0.23,0],[0,0],[0,0]],"v":[[2.73,10.26],[1.28,10.64],[3.7,12.5],[3.7,11],[3.7,9.5],[4.18,9.87],[2.73,10.26]]}}},{"ty":"fl","bm":0,"hd":false,"nm":"","c":{"a":0,"k":[0.7647,0.7334,0.6118]},"r":1,"o":{"a":0,"k":100}}],"ind":3,"parent":1},{"ty":4,"nm":"Rectangle 6323","sr":1,"st":0,"op":25,"ip":0,"hd":false,"ddd":0,"bm":0,"hasMask":false,"ao":0,"ks":{"a":{"a":0,"k":[40.5,23]},"s":{"a":0,"k":[100,100]},"sk":{"a":0,"k":0},"p":{"a":0,"k":[40.5,23]},"r":{"a":0,"k":0},"sa":{"a":0,"k":0},"o":{"a":0,"k":100}},"shapes":[{"ty":"sh","bm":0,"hd":false,"nm":"","d":1,"ks":{"a":0,"k":{"c":true,"i":[[0,0],[0,0],[0,0.12],[0,0]],"o":[[0,0],[0.03,-0.11],[0,0],[0,0]],"v":[[81,15],[82.46,15.35],[82.5,15],[81,15]]}}},{"ty":"sh","bm":0,"hd":false,"nm":"","d":1,"ks":{"a":0,"k":{"c":true,"i":[[0,0],[0,0],[-0.04,-0.14],[0,0]],"o":[[0,0],[0,0.14],[0,0],[0,0]],"v":[[0,15],[-1.5,15],[-1.44,15.42],[0,15]]}}},{"ty":"sh","bm":0,"hd":false,"nm":"","d":1,"ks":{"a":0,"k":{"c":true,"i":[[0,0],[0,0],[0,0],[0,0],[0,0],[0,0],[0,0]],"o":[[0,0],[0,0],[0,0],[0,0],[0,0],[0,0],[0,0]],"v":[[81,15],[79.54,14.65],[72.19,45.65],[73.65,46],[75.11,46.35],[82.46,15.35],[81,15]]}}},{"ty":"sh","bm":0,"hd":false,"nm":"","d":1,"ks":{"a":0,"k":{"c":true,"i":[[0,0],[0,0],[0,0],[0,0],[0,0],[0,0],[0,0]],"o":[[0,0],[0,0],[0,0],[0,0],[0,0],[0,0],[0,0]],"v":[[81,6],[79.5,6],[79.5,15],[81,15],[82.5,15],[82.5,6],[81,6]]}}},{"ty":"sh","bm":0,"hd":false,"nm":"","d":1,"ks":{"a":0,"k":{"c":true,"i":[[0,0],[0,0],[0,0],[0,0],[0,0],[0,0],[0,0]],"o":[[0,0],[0,0],[0,0],[0,0],[0,0],[0,0],[0,0]],"v":[[40.01,0],[40.01,1.5],[75,1.5],[75,0],[75,-1.5],[40.01,-1.5],[40.01,0]]}}},{"ty":"sh","bm":0,"hd":false,"nm":"","d":1,"ks":{"a":0,"k":{"c":true,"i":[[0,0],[0,0],[0,0],[0,0],[0,0],[0,0],[0,0]],"o":[[0,0],[0,0],[0,0],[0,0],[0,0],[0,0],[0,0]],"v":[[6,0],[6,1.5],[40.01,1.5],[40.01,0],[40.01,-1.5],[6,-1.5],[6,0]]}}},{"ty":"sh","bm":0,"hd":false,"nm":"","d":1,"ks":{"a":0,"k":{"c":true,"i":[[0,0],[0,0],[0,0],[0,0],[0,0],[0,0],[0,0]],"o":[[0,0],[0,0],[0,0],[0,0],[0,0],[0,0],[0,0]],"v":[[9.08,46],[10.52,45.58],[1.44,14.58],[0,15],[-1.44,15.42],[7.64,46.42],[9.08,46]]}}},{"ty":"sh","bm":0,"hd":false,"nm":"","d":1,"ks":{"a":0,"k":{"c":true,"i":[[0,0],[0,0],[0,0],[0,0],[0,0],[0,0],[0,0]],"o":[[0,0],[0,0],[0,0],[0,0],[0,0],[0,0],[0,0]],"v":[[0,15],[1.5,15],[1.5,6],[0,6],[-1.5,6],[-1.5,15],[0,15]]}}},{"ty":"sh","bm":0,"hd":false,"nm":"","d":1,"ks":{"a":0,"k":{"c":true,"i":[[0,0],[0,0],[0,-4.14],[0,0],[0,0],[-2.49,0],[0,0]],"o":[[0,0],[-4.14,0],[0,0],[0,0],[0,-2.49],[0,0],[0,0]],"v":[[6,0],[6,-1.5],[-1.5,6],[0,6],[1.5,6],[6,1.5],[6,0]]}}},{"ty":"sh","bm":0,"hd":false,"nm":"","d":1,"ks":{"a":0,"k":{"c":true,"i":[[0,0],[0,0],[4.14,0],[0,0],[0,0],[0,-2.49],[0,0]],"o":[[0,0],[0,-4.14],[0,0],[0,0],[2.49,0],[0,0],[0,0]],"v":[[81,6],[82.5,6],[75,-1.5],[75,0],[75,1.5],[79.5,6],[81,6]]}}},{"ty":"fl","bm":0,"hd":false,"nm":"","c":{"a":0,"k":[0.7647,0.7334,0.6118]},"r":1,"o":{"a":0,"k":100}}],"ind":4,"parent":1},{"ty":4,"nm":"Music note","sr":1,"st":0,"op":25,"ip":0,"hd":false,"ddd":0,"bm":0,"hasMask":false,"ao":0,"ks":{"a":{"a":0,"k":[4.25,5.5]},"s":{"a":0,"k":[100,100]},"sk":{"a":0,"k":0},"p":{"a":0,"k":[5.25,37.5]},"r":{"a":0,"k":-6.75},"sa":{"a":0,"k":0},"o":{"a":1,"k":[{"o":{"x":0.65,"y":0},"i":{"x":0.35,"y":0},"s":[100],"t":0},{"o":{"x":0.65,"y":0},"i":{"x":0.35,"y":0},"s":[0],"t":12},{"s":[100],"t":24}]}},"shapes":[],"ind":5},{"ty":4,"nm":"Vector 5","sr":1,"st":0,"op":25,"ip":0,"hd":false,"ddd":0,"bm":0,"hasMask":false,"ao":0,"ks":{"a":{"a":0,"k":[1.92,4]},"s":{"a":0,"k":[100,100]},"sk":{"a":0,"k":0},"p":{"a":0,"k":[6.58,4]},"r":{"a":0,"k":0},"sa":{"a":0,"k":0},"o":{"a":1,"k":[{"o":{"x":0.65,"y":0},"i":{"x":0.35,"y":0},"s":[100],"t":0},{"o":{"x":0.65,"y":0},"i":{"x":0.35,"y":0},"s":[0],"t":12},{"s":[100],"t":24}]}},"shapes":[{"ty":"sh","bm":0,"hd":false,"nm":"","d":1,"ks":{"a":0,"k":{"c":true,"i":[[0,0],[0,0],[0,0],[0,0],[0,0]],"o":[[0,0],[0,0],[0,0],[0,0],[0,0]],"v":[[0,0],[0,-1.5],[-1.5,-1.5],[-1.5,0],[0,0]]}}},{"ty":"sh","bm":0,"hd":false,"nm":"","d":1,"ks":{"a":0,"k":{"c":true,"i":[[0,0],[0,0],[0,0],[0,0],[0,0],[0,0],[0,0]],"o":[[0,0],[0,0],[0,0],[0,0],[0,0],[0,0],[0,0]],"v":[[0,8],[1.5,8],[1.5,0],[0,0],[-1.5,0],[-1.5,8],[0,8]]}}},{"ty":"sh","bm":0,"hd":false,"nm":"","d":1,"ks":{"a":0,"k":{"c":true,"i":[[0,0],[0,0],[0,0],[0,0],[0,0],[0,0],[0,0]],"o":[[0,0],[0,0],[0,0],[0,0],[0,0],[0,0],[0,0]],"v":[[0,0],[0,1.5],[3.83,1.5],[3.83,0],[3.83,-1.5],[0,-1.5],[0,0]]}}},{"ty":"fl","bm":0,"hd":false,"nm":"","c":{"a":0,"k":[0.7647,0.7334,0.6118]},"r":1,"o":{"a":0,"k":100}}],"ind":6,"parent":5},{"ty":4,"nm":"Ellipse 7","sr":1,"st":0,"op":25,"ip":0,"hd":false,"ddd":0,"bm":0,"hasMask":false,"ao":0,"ks":{"a":{"a":0,"k":[3,3]},"s":{"a":0,"k":[100,100]},"sk":{"a":0,"k":0},"p":{"a":0,"k":[3,8]},"r":{"a":0,"k":0},"sa":{"a":0,"k":0},"o":{"a":1,"k":[{"o":{"x":0.65,"y":0},"i":{"x":0.35,"y":0},"s":[100],"t":0},{"o":{"x":0.65,"y":0},"i":{"x":0.35,"y":0},"s":[0],"t":12},{"s":[100],"t":24}]}},"shapes":[{"ty":"sh","bm":0,"hd":false,"nm":"","d":1,"ks":{"a":0,"k":{"c":true,"i":[[0,0],[1.66,0],[0,1.66],[-1.66,0],[0,-1.66]],"o":[[0,1.66],[-1.66,0],[0,-1.66],[1.66,0],[0,0]],"v":[[6,3],[3,6],[0,3],[3,0],[6,3]]}}},{"ty":"fl","bm":0,"hd":false,"nm":"","c":{"a":0,"k":[0.7647,0.7334,0.6118]},"r":1,"o":{"a":0,"k":100}}],"ind":7,"parent":5},{"ty":4,"nm":"needle","sr":1,"st":0,"op":25,"ip":0,"hd":false,"ddd":0,"bm":0,"hasMask":false,"ao":0,"ks":{"a":{"a":0,"k":[8.5,14]},"s":{"a":0,"k":[100,100]},"sk":{"a":0,"k":0},"p":{"a":0,"k":[72.5,58]},"r":{"a":0,"k":0},"sa":{"a":0,"k":0},"o":{"a":0,"k":100}},"shapes":[],"ind":8},{"ty":4,"nm":"Vector 3","sr":1,"st":0,"op":25,"ip":0,"hd":false,"ddd":0,"bm":0,"hasMask":false,"ao":0,"ks":{"a":{"a":0,"k":[0,2.25]},"s":{"a":0,"k":[100,100]},"sk":{"a":0,"k":0},"p":{"a":0,"k":[7.5,25.75]},"r":{"a":0,"k":0},"sa":{"a":0,"k":0},"o":{"a":0,"k":100}},"shapes":[{"ty":"sh","bm":0,"hd":false,"nm":"","d":1,"ks":{"a":0,"k":{"c":true,"i":[[0,0],[0,0],[0,0],[0,0],[0,0],[0,0],[0,0]],"o":[[0,0],[0,0],[0,0],[0,0],[0,0],[0,0],[0,0]],"v":[[0,0],[-1.5,0],[-1.5,4.5],[0,4.5],[1.5,4.5],[1.5,0],[0,0]]}}},{"ty":"fl","bm":0,"hd":false,"nm":"","c":{"a":0,"k":[0.7647,0.7334,0.6118]},"r":1,"o":{"a":0,"k":100}}],"ind":9,"parent":8},{"ty":4,"nm":"Rectangle 6325","sr":1,"st":0,"op":25,"ip":0,"hd":false,"ddd":0,"bm":0,"hasMask":false,"ao":0,"ks":{"a":{"a":0,"k":[6.5,5]},"s":{"a":0,"k":[100,100]},"sk":{"a":0,"k":0},"p":{"a":0,"k":[12,21.5]},"r":{"a":0,"k":0},"sa":{"a":0,"k":0},"o":{"a":0,"k":100}},"shapes":[{"ty":"sh","bm":0,"hd":false,"nm":"","d":1,"ks":{"a":0,"k":{"c":true,"i":[[0,-1.162],[0,0],[1.2769230769230768,0],[0,0],[0,1.162],[0,0],[-1.2769230769230768,0],[0,0]],"o":[[0,0],[0,1.162],[0,0],[-1.2769230769230768,0],[0,0],[0,-1.162],[0,0],[1.2769230769230768,0]],"v":[[10,2.0999999999999996],[10,4.8999999999999995],[7.692307692307692,7],[2.3076923076923075,7],[0,4.8999999999999995],[0,2.0999999999999996],[2.3076923076923075,0],[7.692307692307692,0]]}}},{"ty":"st","bm":0,"hd":false,"nm":"","lc":1,"lj":1,"ml":4,"o":{"a":0,"k":100},"w":{"a":1,"k":[{"o":{"x":0.65,"y":0},"i":{"x":0.35,"y":0},"s":[3],"t":0},{"o":{"x":0.65,"y":0},"i":{"x":0.35,"y":0},"s":[3],"t":12},{"s":[3],"t":24}]},"c":{"a":0,"k":[0.7647,0.7334,0.6118]}}],"ind":10,"parent":8},{"ty":4,"nm":"Vector 2","sr":1,"st":0,"op":25,"ip":0,"hd":false,"ddd":0,"bm":0,"hasMask":false,"ao":0,"ks":{"a":{"a":0,"k":[5.25,8.25]},"s":{"a":0,"k":[100,100]},"sk":{"a":0,"k":0},"p":{"a":0,"k":[5.25,8.25]},"r":{"a":0,"k":0},"sa":{"a":0,"k":0},"o":{"a":0,"k":100}},"shapes":[{"ty":"sh","bm":0,"hd":false,"nm":"","d":1,"ks":{"a":0,"k":{"c":true,"i":[[0,0],[0.7,-0.44],[-0.44,-0.7],[0,0],[0,0]],"o":[[-0.44,-0.7],[-0.7,0.44],[0,0],[0,0],[0,0]],"v":[[1.27,-0.81],[-0.81,-1.27],[-1.27,0.81],[0,0],[1.27,-0.81]]}}},{"ty":"sh","bm":0,"hd":false,"nm":"","d":1,"ks":{"a":0,"k":{"c":true,"i":[[0,0],[-0.7,0.44],[0.44,0.7],[0,0],[0,0]],"o":[[0.44,0.7],[0.7,-0.44],[0,0],[0,0],[0,0]],"v":[[9.23,17.31],[11.31,17.77],[11.77,15.69],[10.5,16.5],[9.23,17.31]]}}},{"ty":"sh","bm":0,"hd":false,"nm":"","d":1,"ks":{"a":0,"k":{"c":true,"i":[[0,0],[0,0],[0,0],[0,0],[0,0],[0,0],[0,0]],"o":[[0,0],[0,0],[0,0],[0,0],[0,0],[0,0],[0,0]],"v":[[0,0],[-1.27,0.81],[9.23,17.31],[10.5,16.5],[11.77,15.69],[1.27,-0.81],[0,0]]}}},{"ty":"fl","bm":0,"hd":false,"nm":"","c":{"a":0,"k":[0.7647,0.7334,0.6118]},"r":1,"o":{"a":0,"k":100}}],"ind":11,"parent":8},{"ty":4,"nm":"Music note","sr":1,"st":0,"op":25,"ip":0,"hd":false,"ddd":0,"bm":0,"hasMask":false,"ao":0,"ks":{"a":{"a":0,"k":[4.25,5.5]},"s":{"a":0,"k":[100,100]},"sk":{"a":0,"k":0},"p":{"a":1,"k":[{"o":{"x":0.65,"y":0},"i":{"x":0.35,"y":0},"s":[9.25,50.5],"t":0},{"o":{"x":0.65,"y":0},"i":{"x":0.35,"y":0},"s":[5.25,37.5],"t":12},{"s":[9.25,50.5],"t":24}]},"r":{"a":1,"k":[{"o":{"x":0.65,"y":0},"i":{"x":0.35,"y":0},"s":[7.27],"t":0},{"o":{"x":0.65,"y":0},"i":{"x":0.35,"y":0},"s":[-6.76],"t":12},{"s":[7.27],"t":24}]},"sa":{"a":0,"k":0},"o":{"a":0,"k":100}},"shapes":[],"ind":12},{"ty":4,"nm":"Vector 5","sr":1,"st":0,"op":25,"ip":0,"hd":false,"ddd":0,"bm":0,"hasMask":false,"ao":0,"ks":{"a":{"a":0,"k":[1.92,4]},"s":{"a":0,"k":[100,100]},"sk":{"a":0,"k":0},"p":{"a":0,"k":[6.58,4]},"r":{"a":0,"k":0},"sa":{"a":0,"k":0},"o":{"a":0,"k":100}},"shapes":[{"ty":"sh","bm":0,"hd":false,"nm":"","d":1,"ks":{"a":0,"k":{"c":true,"i":[[0,0],[0,0],[0,0],[0,0],[0,0]],"o":[[0,0],[0,0],[0,0],[0,0],[0,0]],"v":[[0,0],[0,-1.5],[-1.5,-1.5],[-1.5,0],[0,0]]}}},{"ty":"sh","bm":0,"hd":false,"nm":"","d":1,"ks":{"a":0,"k":{"c":true,"i":[[0,0],[0,0],[0,0],[0,0],[0,0],[0,0],[0,0]],"o":[[0,0],[0,0],[0,0],[0,0],[0,0],[0,0],[0,0]],"v":[[0,8],[1.5,8],[1.5,0],[0,0],[-1.5,0],[-1.5,8],[0,8]]}}},{"ty":"sh","bm":0,"hd":false,"nm":"","d":1,"ks":{"a":0,"k":{"c":true,"i":[[0,0],[0,0],[0,0],[0,0],[0,0],[0,0],[0,0]],"o":[[0,0],[0,0],[0,0],[0,0],[0,0],[0,0],[0,0]],"v":[[0,0],[0,1.5],[3.83,1.5],[3.83,0],[3.83,-1.5],[0,-1.5],[0,0]]}}},{"ty":"fl","bm":0,"hd":false,"nm":"","c":{"a":0,"k":[0.7647,0.7334,0.6118]},"r":1,"o":{"a":0,"k":100}}],"ind":13,"parent":12},{"ty":4,"nm":"Ellipse 7","sr":1,"st":0,"op":25,"ip":0,"hd":false,"ddd":0,"bm":0,"hasMask":false,"ao":0,"ks":{"a":{"a":0,"k":[3,3]},"s":{"a":0,"k":[100,100]},"sk":{"a":0,"k":0},"p":{"a":0,"k":[3,8]},"r":{"a":0,"k":0},"sa":{"a":0,"k":0},"o":{"a":0,"k":100}},"shapes":[{"ty":"sh","bm":0,"hd":false,"nm":"","d":1,"ks":{"a":0,"k":{"c":true,"i":[[0,0],[1.66,0],[0,1.66],[-1.66,0],[0,-1.66]],"o":[[0,1.66],[-1.66,0],[0,-1.66],[1.66,0],[0,0]],"v":[[6,3],[3,6],[0,3],[3,0],[6,3]]}}},{"ty":"fl","bm":0,"hd":false,"nm":"","c":{"a":0,"k":[0.7647,0.7334,0.6118]},"r":1,"o":{"a":0,"k":100}}],"ind":14,"parent":12},{"ty":4,"nm":"Player base","sr":1,"st":0,"op":25,"ip":0,"hd":false,"ddd":0,"bm":0,"hasMask":false,"ao":0,"ks":{"a":{"a":0,"k":[41.5,13]},"s":{"a":0,"k":[100,100]},"sk":{"a":0,"k":0},"p":{"a":0,"k":[49.5,85]},"r":{"a":0,"k":0},"sa":{"a":0,"k":0},"o":{"a":0,"k":100}},"shapes":[],"ind":15},{"ty":4,"nm":"Rectangle 6321","sr":1,"st":0,"op":25,"ip":0,"hd":false,"ddd":0,"bm":0,"hasMask":false,"ao":0,"ks":{"a":{"a":0,"k":[41.5,10.59]},"s":{"a":0,"k":[100,100]},"sk":{"a":0,"k":0},"p":{"a":0,"k":[41.5,15.41]},"r":{"a":0,"k":0},"sa":{"a":0,"k":0},"o":{"a":0,"k":100}},"shapes":[{"ty":"sh","bm":0,"hd":false,"nm":"","d":1,"ks":{"a":0,"k":{"c":true,"i":[[0,0],[0,0],[0.83,0],[0,0]],"o":[[0,0],[0,-0.83],[0,0],[0,0]],"v":[[83,0],[84.5,0],[83,-1.5],[83,0]]}}},{"ty":"sh","bm":0,"hd":false,"nm":"","d":1,"ks":{"a":0,"k":{"c":true,"i":[[0,0],[0,0],[0,0.83],[0,0]],"o":[[0,0],[0.83,0],[0,0],[0,0]],"v":[[83,21.19],[83,22.69],[84.5,21.19],[83,21.19]]}}},{"ty":"sh","bm":0,"hd":false,"nm":"","d":1,"ks":{"a":0,"k":{"c":true,"i":[[0,0],[0,0],[-0.83,0],[0,0]],"o":[[0,0],[0,0.83],[0,0],[0,0]],"v":[[0,21.19],[-1.5,21.19],[0,22.69],[0,21.19]]}}},{"ty":"sh","bm":0,"hd":false,"nm":"","d":1,"ks":{"a":0,"k":{"c":true,"i":[[0,0],[0,0],[0,-0.83],[0,0]],"o":[[0,0],[-0.83,0],[0,0],[0,0]],"v":[[0,0],[0,-1.5],[-1.5,0],[0,0]]}}},{"ty":"sh","bm":0,"hd":false,"nm":"","d":1,"ks":{"a":1,"k":[{"o":{"x":0.65,"y":0},"i":{"x":0.35,"y":0},"s":[{"c":true,"i":[[0,0],[0,0],[0,0],[0,0],[0,0],[0,0],[0,0]],"o":[[0,0],[0,0],[0,0],[0,0],[0,0],[0,0],[0,0]],"v":[[69,0],[69,1.5],[83,1.5],[83,0],[83,-1.5],[69,-1.5],[69,0]]}],"t":0},{"o":{"x":0.65,"y":0},"i":{"x":0.35,"y":0},"s":[{"c":true,"i":[[0,0],[0,0],[0,0],[0,0],[0,0],[0,0],[0,0]],"o":[[0,0],[0,0],[0,0],[0,0],[0,0],[0,0],[0,0]],"v":[[68,0],[68,1.5],[83,1.5],[83,0],[83,-1.5],[68,-1.5],[68,0]]}],"t":12},{"s":[{"c":true,"i":[[0,0],[0,0],[0,0],[0,0],[0,0],[0,0],[0,0]],"o":[[0,0],[0,0],[0,0],[0,0],[0,0],[0,0],[0,0]],"v":[[69,0],[69,1.5],[83,1.5],[83,0],[83,-1.5],[69,-1.5],[69,0]]}],"t":24}]}},{"ty":"sh","bm":0,"hd":false,"nm":"","d":1,"ks":{"a":0,"k":{"c":true,"i":[[0,0],[0,0],[0,0],[0,0],[0,0],[0,0],[0,0]],"o":[[0,0],[0,0],[0,0],[0,0],[0,0],[0,0],[0,0]],"v":[[83,0],[81.5,0],[81.5,21.19],[83,21.19],[84.5,21.19],[84.5,0],[83,0]]}}},{"ty":"sh","bm":0,"hd":false,"nm":"","d":1,"ks":{"a":0,"k":{"c":true,"i":[[0,0],[0,0],[0,0],[0,0],[0,0],[0,0],[0,0]],"o":[[0,0],[0,0],[0,0],[0,0],[0,0],[0,0],[0,0]],"v":[[83,21.19],[83,19.69],[0,19.69],[0,21.19],[0,22.69],[83,22.69],[83,21.19]]}}},{"ty":"sh","bm":0,"hd":false,"nm":"","d":1,"ks":{"a":1,"k":[{"o":{"x":0.65,"y":0},"i":{"x":0.35,"y":0},"s":[{"c":true,"i":[[0,0],[0,0],[0,0],[0,0],[0,0],[0,0],[0,0]],"o":[[0,0],[0,0],[0,0],[0,0],[0,0],[0,0],[0,0]],"v":[[0,0],[0,1.5],[13,1.5],[13,0],[13,-1.5],[0,-1.5],[0,0]]}],"t":0},{"o":{"x":0.65,"y":0},"i":{"x":0.35,"y":0},"s":[{"c":true,"i":[[0,0],[0,0],[0,0],[0,0],[0,0],[0,0],[0,0]],"o":[[0,0],[0,0],[0,0],[0,0],[0,0],[0,0],[0,0]],"v":[[0,0],[0,1.5],[11.5,1.5],[11.5,0],[11.5,-1.5],[0,-1.5],[0,0]]}],"t":12},{"s":[{"c":true,"i":[[0,0],[0,0],[0,0],[0,0],[0,0],[0,0],[0,0]],"o":[[0,0],[0,0],[0,0],[0,0],[0,0],[0,0],[0,0]],"v":[[0,0],[0,1.5],[13,1.5],[13,0],[13,-1.5],[0,-1.5],[0,0]]}],"t":24}]}},{"ty":"sh","bm":0,"hd":false,"nm":"","d":1,"ks":{"a":0,"k":{"c":true,"i":[[0,0],[0,0],[0,0],[0,0],[0,0],[0,0],[0,0]],"o":[[0,0],[0,0],[0,0],[0,0],[0,0],[0,0],[0,0]],"v":[[0,21.19],[1.5,21.19],[1.5,0],[0,0],[-1.5,0],[-1.5,21.19],[0,21.19]]}}},{"ty":"fl","bm":0,"hd":false,"nm":"","c":{"a":0,"k":[0.7647,0.7334,0.6118]},"r":1,"o":{"a":0,"k":100}}],"ind":16,"parent":15},{"ty":4,"nm":"Rectangle 6322","sr":1,"st":0,"op":25,"ip":0,"hd":false,"ddd":0,"bm":0,"hasMask":false,"ao":0,"ks":{"a":{"a":0,"k":[41.5,13]},"s":{"a":0,"k":[100,100]},"sk":{"a":0,"k":0},"p":{"a":0,"k":[41.5,13]},"r":{"a":0,"k":0},"sa":{"a":0,"k":0},"o":{"a":0,"k":100}},"shapes":[{"ty":"sh","bm":0,"hd":false,"nm":"","d":1,"ks":{"a":0,"k":{"c":true,"i":[[0,0],[0,0],[0,-0.13],[0,0]],"o":[[0,0],[-0.04,0.13],[0,0],[0,0]],"v":[[0,4.81],[-1.45,4.42],[-1.5,4.81],[0,4.81]]}}},{"ty":"sh","bm":0,"hd":false,"nm":"","d":1,"ks":{"a":0,"k":{"c":true,"i":[[0,0],[0,0],[-0.83,0],[0,0]],"o":[[0,0],[0,0.83],[0,0],[0,0]],"v":[[0,26],[-1.5,26],[0,27.5],[0,26]]}}},{"ty":"sh","bm":0,"hd":false,"nm":"","d":1,"ks":{"a":0,"k":{"c":true,"i":[[0,0],[0,0],[0,0.83],[0,0]],"o":[[0,0],[0.83,0],[0,0],[0,0]],"v":[[83,26],[83,27.5],[84.5,26],[83,26]]}}},{"ty":"sh","bm":0,"hd":false,"nm":"","d":1,"ks":{"a":0,"k":{"c":true,"i":[[0,0],[0,0],[0.04,0.13],[0,0]],"o":[[0,0],[0,-0.13],[0,0],[0,0]],"v":[[83,4.81],[84.5,4.81],[84.45,4.42],[83,4.81]]}}},{"ty":"sh","bm":0,"hd":false,"nm":"","d":1,"ks":{"a":0,"k":{"c":true,"i":[[0,0],[0,0],[0,0],[0,0],[0,0],[0,0],[0,0]],"o":[[0,0],[0,0],[0,0],[0,0],[0,0],[0,0],[0,0]],"v":[[0,4.81],[1.45,5.21],[2.76,0.4],[1.32,0],[-0.13,-0.4],[-1.45,4.42],[0,4.81]]}}},{"ty":"sh","bm":0,"hd":false,"nm":"","d":1,"ks":{"a":0,"k":{"c":true,"i":[[0,0],[0,0],[0,0],[0,0],[0,0],[0,0],[0,0]],"o":[[0,0],[0,0],[0,0],[0,0],[0,0],[0,0],[0,0]],"v":[[40,26],[40,24.5],[0,24.5],[0,26],[0,27.5],[40,27.5],[40,26]]}}},{"ty":"sh","bm":0,"hd":false,"nm":"","d":1,"ks":{"a":0,"k":{"c":true,"i":[[0,0],[0,0],[0,0],[0,0],[0,0],[0,0],[0,0]],"o":[[0,0],[0,0],[0,0],[0,0],[0,0],[0,0],[0,0]],"v":[[83,26],[83,24.5],[40,24.5],[40,26],[40,27.5],[83,27.5],[83,26]]}}},{"ty":"sh","bm":0,"hd":false,"nm":"","d":1,"ks":{"a":0,"k":{"c":true,"i":[[0,0],[0,0],[0,0],[0,0],[0,0],[0,0],[0,0]],"o":[[0,0],[0,0],[0,0],[0,0],[0,0],[0,0],[0,0]],"v":[[0,26],[1.5,26],[1.5,4.81],[0,4.81],[-1.5,4.81],[-1.5,26],[0,26]]}}},{"ty":"sh","bm":0,"hd":false,"nm":"","d":1,"ks":{"a":0,"k":{"c":true,"i":[[0,0],[0,0],[0,0],[0,0],[0,0],[0,0],[0,0]],"o":[[0,0],[0,0],[0,0],[0,0],[0,0],[0,0],[0,0]],"v":[[81.68,0],[80.24,0.4],[81.55,5.21],[83,4.81],[84.45,4.42],[83.13,-0.4],[81.68,0]]}}},{"ty":"sh","bm":0,"hd":false,"nm":"","d":1,"ks":{"a":0,"k":{"c":true,"i":[[0,0],[0,0],[0,0],[0,0],[0,0],[0,0],[0,0]],"o":[[0,0],[0,0],[0,0],[0,0],[0,0],[0,0],[0,0]],"v":[[83,4.81],[81.5,4.81],[81.5,26],[83,26],[84.5,26],[84.5,4.81],[83,4.81]]}}},{"ty":"fl","bm":0,"hd":false,"nm":"","c":{"a":0,"k":[0.7647,0.7334,0.6118]},"r":1,"o":{"a":0,"k":100}}],"ind":17,"parent":15},{"ty":4,"nm":"Pin","sr":1,"st":0,"op":25,"ip":0,"hd":false,"ddd":0,"bm":0,"hasMask":false,"ao":0,"ks":{"a":{"a":0,"k":[2,5.5]},"s":{"a":0,"k":[100,100]},"sk":{"a":0,"k":0},"p":{"a":0,"k":[49,58.5]},"r":{"a":0,"k":0},"sa":{"a":0,"k":0},"o":{"a":0,"k":100}},"shapes":[{"ty":"sh","bm":0,"hd":false,"nm":"","d":1,"ks":{"a":0,"k":{"c":true,"i":[[0,0],[-1.1,0],[0,-1.1],[0,0],[0,0],[0,0]],"o":[[0,-1.1],[1.1,0],[0,0],[0,0],[0,0],[0,0]],"v":[[0,2],[2,0],[4,2],[4,11],[0,11],[0,2]]}}},{"ty":"fl","bm":0,"hd":false,"nm":"","c":{"a":0,"k":[0.7647,0.7334,0.6118]},"r":1,"o":{"a":0,"k":100}}],"ind":18},{"ty":4,"nm":"Record","sr":1,"st":0,"op":25,"ip":0,"hd":false,"ddd":0,"bm":0,"hasMask":false,"ao":0,"ks":{"a":{"a":0,"k":[39,17.88]},"s":{"a":0,"k":[100,100]},"sk":{"a":0,"k":0},"p":{"a":0,"k":[49,64.5]},"r":{"a":1,"k":[{"o":{"x":0.65,"y":0},"i":{"x":0.35,"y":0},"s":[0],"t":0},{"o":{"x":0.65,"y":0},"i":{"x":0.35,"y":0},"s":[-1.72],"t":12},{"s":[0],"t":24}]},"sa":{"a":0,"k":0},"o":{"a":0,"k":100}},"shapes":[],"ind":19},{"ty":4,"nm":"Ellipse 4","sr":1,"st":0,"op":25,"ip":0,"hd":false,"ddd":0,"bm":0,"hasMask":false,"ao":0,"ks":{"a":{"a":0,"k":[3.25,1.63]},"s":{"a":0,"k":[100,100]},"sk":{"a":0,"k":0},"p":{"a":0,"k":[39,16.79]},"r":{"a":0,"k":0},"sa":{"a":0,"k":0},"o":{"a":0,"k":100}},"shapes":[{"ty":"sh","bm":0,"hd":false,"nm":"","d":1,"ks":{"a":0,"k":{"c":true,"i":[[0,0],[1.79,0],[0,0.9],[-1.79,0],[0,-0.9]],"o":[[0,0.9],[-1.79,0],[0,-0.9],[1.79,0],[0,0]],"v":[[6.5,1.63],[3.25,3.25],[0,1.63],[3.25,0],[6.5,1.63]]}}},{"ty":"fl","bm":0,"hd":false,"nm":"","c":{"a":0,"k":[0.7647,0.7334,0.6118]},"r":1,"o":{"a":0,"k":100}}],"ind":20,"parent":19},{"ty":4,"nm":"Ellipse 3","sr":1,"st":0,"op":25,"ip":0,"hd":false,"ddd":0,"bm":0,"hasMask":false,"ao":0,"ks":{"a":{"a":0,"k":[13,5.81]},"s":{"a":0,"k":[100,100]},"sk":{"a":0,"k":0},"p":{"a":0,"k":[39,16.94]},"r":{"a":0,"k":0},"sa":{"a":0,"k":0},"o":{"a":0,"k":100}},"shapes":[{"ty":"sh","bm":0,"hd":false,"nm":"","d":1,"ks":{"a":0,"k":{"c":true,"i":[[0,0],[0,0],[-1.42,0.88],[-2.48,0.37],[0,0],[0,0],[1.82,-1.13],[0,-2.1],[0,0]],"o":[[0,0],[0,-0.56],[1.37,-0.85],[0,0],[0,0],[-2.75,0.41],[-1.77,1.1],[0,0],[0,0]],"v":[[0,5.67],[1.5,5.67],[3.33,3.41],[9.22,1.48],[9,0],[8.78,-1.48],[1.75,0.86],[-1.5,5.67],[0,5.67]]}}},{"ty":"sh","bm":0,"hd":false,"nm":"","d":1,"ks":{"a":0,"k":{"c":true,"i":[[0,0],[0,0],[2.12,0.97],[0,0.7],[0,0],[0,0],[-2.46,-1.13],[-3.76,0],[0,0]],"o":[[0,0],[-3.42,0],[-2.25,-1.03],[0,0],[0,0],[0,2.59],[2.59,1.19],[0,0],[0,0]],"v":[[13,11.63],[13,10.13],[4.43,8.52],[1.5,5.67],[0,5.67],[-1.5,5.67],[3.18,11.25],[13,13.13],[13,11.63]]}}},{"ty":"sh","bm":0,"hd":false,"nm":"","d":1,"ks":{"a":0,"k":{"c":true,"i":[[0,0],[0,0],[-1.37,-0.85],[0,-0.56],[0,0],[0,0],[1.77,1.1],[2.75,0.41],[0,0]],"o":[[0,0],[2.48,0.37],[1.42,0.88],[0,0],[0,0],[0,-2.1],[-1.82,-1.13],[0,0],[0,0]],"v":[[17,0],[16.78,1.48],[22.67,3.41],[24.5,5.67],[26,5.67],[27.5,5.67],[24.25,0.86],[17.22,-1.48],[17,0]]}}},{"ty":"sh","bm":0,"hd":false,"nm":"","d":1,"ks":{"a":0,"k":{"c":true,"i":[[0,0],[0,0],[2.25,-1.03],[3.42,0],[0,0],[0,0],[-2.59,1.19],[0,2.59],[0,0]],"o":[[0,0],[0,0.7],[-2.12,0.97],[0,0],[0,0],[3.76,0],[2.46,-1.13],[0,0],[0,0]],"v":[[26,5.67],[24.5,5.67],[21.57,8.52],[13,10.13],[13,11.63],[13,13.13],[22.82,11.25],[27.5,5.67],[26,5.67]]}}},{"ty":"fl","bm":0,"hd":false,"nm":"","c":{"a":0,"k":[0.7647,0.7334,0.6118]},"r":1,"o":{"a":0,"k":100}}],"ind":21,"parent":19},{"ty":4,"nm":"line 1","sr":1,"st":0,"op":25,"ip":0,"hd":false,"ddd":0,"bm":0,"hasMask":false,"ao":0,"ks":{"a":{"a":1,"k":[{"o":{"x":0.65,"y":0},"i":{"x":0.35,"y":0},"s":[1.55,3.75],"t":0},{"o":{"x":0.65,"y":0},"i":{"x":0.35,"y":0},"s":[2.97,6.45],"t":12},{"s":[1.55,3.75],"t":24}]},"s":{"a":0,"k":[100,100]},"sk":{"a":0,"k":0},"p":{"a":1,"k":[{"o":{"x":0.65,"y":0},"i":{"x":0.35,"y":0},"s":[12.55,15.63],"t":0},{"o":{"x":0.65,"y":0},"i":{"x":0.35,"y":0},"s":[13.97,18.32],"t":12},{"s":[12.55,15.63],"t":24}]},"r":{"a":0,"k":0},"sa":{"a":0,"k":0},"o":{"a":0,"k":100}},"shapes":[{"ty":"sh","bm":0,"hd":false,"nm":"","d":1,"ks":{"a":1,"k":[{"o":{"x":0.65,"y":0},"i":{"x":0.35,"y":0},"s":[{"c":true,"i":[[0,0],[0,0],[0,0.48],[0,0],[0,0],[-0.32,-0.81],[0,0]],"o":[[0,0],[-0.19,-0.49],[0,0],[0,0],[0,0.88],[0,0],[0,0]],"v":[[0.39,7.5],[1.78,6.95],[1.5,5.5],[0,5.5],[-1.5,5.5],[-1.01,8.05],[0.39,7.5]]}],"t":0},{"o":{"x":0.65,"y":0},"i":{"x":0.35,"y":0},"s":[{"c":true,"i":[[0,0],[0,0],[0,1.94],[0,0],[0,0],[-3.86,-2.11],[0,0]],"o":[[0,0],[-3.59,-1.96],[0,0],[0,0],[0,3.64],[0,0],[0,0]],"v":[[5.95,12.89],[6.67,11.58],[1.5,5.5],[0,5.5],[-1.5,5.5],[5.23,14.21],[5.95,12.89]]}],"t":12},{"s":[{"c":true,"i":[[0,0],[0,0],[0,0.48],[0,0],[0,0],[-0.32,-0.81],[0,0]],"o":[[0,0],[-0.19,-0.49],[0,0],[0,0],[0,0.88],[0,0],[0,0]],"v":[[0.39,7.5],[1.78,6.95],[1.5,5.5],[0,5.5],[-1.5,5.5],[-1.01,8.05],[0.39,7.5]]}],"t":24}]}},{"ty":"sh","bm":0,"hd":false,"nm":"","d":1,"ks":{"a":0,"k":{"c":true,"i":[[0,0],[0,0],[-1.79,1.49],[0,0],[0,0],[0,-2.59],[0,0]],"o":[[0,0],[0,-1.37],[0,0],[0,0],[-2.18,1.81],[0,0],[0,0]],"v":[[0,5.5],[1.5,5.5],[4.07,1.15],[3.11,0],[2.15,-1.15],[-1.5,5.5],[0,5.5]]}}},{"ty":"fl","bm":0,"hd":false,"nm":"","c":{"a":0,"k":[0.7647,0.7334,0.6118]},"r":1,"o":{"a":0,"k":100}}],"ind":22,"parent":19},{"ty":4,"nm":"Ellipse 6","sr":1,"st":0,"op":25,"ip":0,"hd":false,"ddd":0,"bm":0,"hasMask":false,"ao":0,"ks":{"a":{"a":0,"k":[39,17.88]},"s":{"a":0,"k":[100,100]},"sk":{"a":0,"k":0},"p":{"a":0,"k":[39,17.88]},"r":{"a":0,"k":0},"sa":{"a":0,"k":0},"o":{"a":0,"k":100}},"shapes":[{"ty":"sh","bm":0,"hd":false,"nm":"","d":1,"ks":{"a":0,"k":{"c":true,"i":[[0,0],[0,0],[-3.73,-0.56],[0,0],[0,0],[4.29,0],[0,0]],"o":[[0,0],[4.15,0],[0,0],[0,0],[-3.88,-0.58],[0,0],[0,0]],"v":[[39,0],[39,1.5],[50.87,2.36],[51.09,0.88],[51.31,-0.61],[39,-1.5],[39,0]]}}},{"ty":"sh","bm":0,"hd":false,"nm":"","d":1,"ks":{"a":0,"k":{"c":true,"i":[[0,0],[0,0],[-6.95,3.19],[-10.6,0],[0,0],[0,0],[7.29,-3.34],[0,-5.88],[0,0]],"o":[[0,0],[0,-3.99],[6.82,-3.13],[0,0],[0,0],[-10.93,0],[-7.16,3.28],[0,0],[0,0]],"v":[[0,17.88],[1.5,17.88],[12.05,6.6],[39,1.5],[39,0],[39,-1.5],[10.8,3.87],[-1.5,17.88],[0,17.88]]}}},{"ty":"sh","bm":0,"hd":false,"nm":"","d":1,"ks":{"a":0,"k":{"c":true,"i":[[0,0],[0,0],[6.82,3.13],[0,3.99],[0,0],[0,0],[-7.16,-3.28],[-10.93,0],[0,0]],"o":[[0,0],[-10.6,0],[-6.95,-3.19],[0,0],[0,0],[0,5.88],[7.29,3.34],[0,0],[0,0]],"v":[[39,35.75],[39,34.25],[12.05,29.15],[1.5,17.88],[0,17.88],[-1.5,17.88],[10.8,31.88],[39,37.25],[39,35.75]]}}},{"ty":"sh","bm":0,"hd":false,"nm":"","d":1,"ks":{"a":0,"k":{"c":true,"i":[[0,0],[0,0],[-2.33,-2.19],[0,-2.27],[0,0],[0,0],[2.71,2.55],[4.54,1.68],[0,0]],"o":[[0,0],[4.3,1.59],[2.32,2.18],[0,0],[0,0],[0,-3.35],[-2.71,-2.54],[0,0],[0,0]],"v":[[63.5,3.97],[62.98,5.37],[73.04,11.14],[76.5,17.88],[78,17.88],[79.5,17.88],[75.09,8.95],[64.02,2.56],[63.5,3.97]]}}},{"ty":"sh","bm":0,"hd":false,"nm":"","d":1,"ks":{"a":0,"k":{"c":true,"i":[[0,0],[0,0],[6.95,-3.19],[10.6,0],[0,0],[0,0],[-7.29,3.34],[0,5.88],[0,0]],"o":[[0,0],[0,3.99],[-6.82,3.13],[0,0],[0,0],[10.93,0],[7.16,-3.28],[0,0],[0,0]],"v":[[78,17.88],[76.5,17.88],[65.95,29.15],[39,34.25],[39,35.75],[39,37.25],[67.2,31.88],[79.5,17.88],[78,17.88]]}}},{"ty":"fl","bm":0,"hd":false,"nm":"","c":{"a":0,"k":[0.7647,0.7334,0.6118]},"r":1,"o":{"a":0,"k":100}}],"ind":23,"parent":19}],"v":"5.7.0","fr":60,"op":24,"ip":0,"assets":[]}