{"v":"4.8.0","meta":{"g":"LottieFiles AE 3.6.0","a":"","k":"","d":"","tc":""},"fr":29.9700012207031,"ip":0,"op":140.000005702317,"w":600,"h":600,"nm":"Animated logo","ddd":0,"assets":[{"id":"comp_0","layers":[{"ddd":0,"ind":1,"ty":4,"nm":"Bar 1/KEXP logo Outlines","sr":1,"ks":{"o":{"a":0,"k":100,"ix":11},"r":{"a":0,"k":0,"ix":10},"p":{"a":0,"k":[217.875,342.25,0],"ix":2},"a":{"a":0,"k":[97.875,256.25,0],"ix":1},"s":{"a":1,"k":[{"i":{"x":[0.667,0.791,0.667],"y":[1,0.953,1]},"o":{"x":[0.333,0.381,0.333],"y":[0,0,0]},"t":0,"s":[100,100,100]},{"i":{"x":[0.667,0.667,0.667],"y":[1,1,1]},"o":{"x":[0.333,0.333,0.333],"y":[0,0,0]},"t":14,"s":[100,72,100]},{"i":{"x":[0.667,0,0.667],"y":[1,0.971,1]},"o":{"x":[0.333,0.304,0.333],"y":[0,-0.023,0]},"t":26,"s":[100,47,100]},{"i":{"x":[0.667,0.667,0.667],"y":[1,1,1]},"o":{"x":[0.333,0.43,0.333],"y":[0,0.004,0]},"t":49,"s":[100,69,100]},{"i":{"x":[0.667,0.261,0.667],"y":[1,0.867,1]},"o":{"x":[0.333,0.508,0.333],"y":[0,0,0]},"t":69,"s":[100,1,100]},{"i":{"x":[0.667,0.305,0.667],"y":[1,0.828,1]},"o":{"x":[0.333,0.318,0.333],"y":[0,0.423,0]},"t":78,"s":[100,40.239,100]},{"i":{"x":[0.667,0.582,0.667],"y":[1,2.518,1]},"o":{"x":[0.333,0.258,0.333],"y":[0,-2.048,0]},"t":91,"s":[100,76.79,100]},{"i":{"x":[0.662,0.618,0.667],"y":[1,-0.084,1]},"o":{"x":[0.417,0.516,0.333],"y":[0,0.633,0]},"t":100,"s":[100,76,100]},{"i":{"x":[0.504,0.464,0.667],"y":[1,0.912,1]},"o":{"x":[0.223,0.185,0.333],"y":[0,0.203,0]},"t":116,"s":[100,81.083,100]},{"t":139.000005661586,"s":[100,100,100]}],"ix":6}},"ao":0,"shapes":[{"ty":"gr","it":[{"ind":0,"ty":"sh","ix":1,"ks":{"a":0,"k":{"i":[[0,0],[0,0],[0,0],[0,0]],"o":[[0,0],[0,0],[0,0],[0,0]],"v":[[-19.787,-79.554],[19.787,-79.554],[19.787,79.554],[-19.787,79.554]],"c":true},"ix":2},"nm":"Path 1","mn":"ADBE Vector Shape - Group","hd":false},{"ty":"fl","c":{"a":0,"k":[0.984313785329,0.678431372549,0.094117654539,1],"ix":4},"o":{"a":0,"k":100,"ix":5},"r":1,"bm":0,"nm":"Fill 1","mn":"ADBE Vector Graphic - Fill","hd":false},{"ty":"tr","p":{"a":0,"k":[97.921,176.714],"ix":2},"a":{"a":0,"k":[0,0],"ix":1},"s":{"a":0,"k":[100,100],"ix":3},"r":{"a":0,"k":0,"ix":6},"o":{"a":0,"k":100,"ix":7},"sk":{"a":0,"k":0,"ix":4},"sa":{"a":0,"k":0,"ix":5},"nm":"Transform"}],"nm":"Group 1","np":2,"cix":2,"bm":0,"ix":1,"mn":"ADBE Vector Group","hd":false}],"ip":0,"op":140.000005702317,"st":0,"bm":0},{"ddd":0,"ind":2,"ty":4,"nm":"Bar 2/KEXP logo Outlines","sr":1,"ks":{"o":{"a":0,"k":100,"ix":11},"r":{"a":0,"k":0,"ix":10},"p":{"a":0,"k":[272.25,342.25,0],"ix":2},"a":{"a":0,"k":[152.25,256.25,0],"ix":1},"s":{"a":1,"k":[{"i":{"x":[0.667,0.667,0.667],"y":[1,1,1]},"o":{"x":[0.333,0.333,0.333],"y":[0,0,0]},"t":0,"s":[100,100,100]},{"i":{"x":[0.667,0.667,0.667],"y":[1,1,1]},"o":{"x":[0.333,0.333,0.333],"y":[0,0,0]},"t":14,"s":[100,81,100]},{"i":{"x":[0.67,0.523,0.667],"y":[1,0.763,1]},"o":{"x":[0.342,0.682,0.333],"y":[0,0.116,0]},"t":39,"s":[100,100,100]},{"i":{"x":[0.665,0.71,0.667],"y":[1,0.526,1]},"o":{"x":[0.332,0.542,0.333],"y":[0,0.136,0]},"t":53,"s":[100,68.111,100]},{"i":{"x":[0.667,0.667,0.667],"y":[1,1,1]},"o":{"x":[0.333,0.167,0.333],"y":[0,-0.732,0]},"t":58,"s":[100,42,100]},{"i":{"x":[0.667,0.765,0.667],"y":[1,0.996,1]},"o":{"x":[0.333,0.647,0.333],"y":[0,0.01,0]},"t":72,"s":[100,58,100]},{"i":{"x":[0.667,0.814,0.667],"y":[1,0.648,1]},"o":{"x":[0.333,0.187,0.333],"y":[0,-0.015,0]},"t":84,"s":[100,21,100]},{"i":{"x":[0.667,0.507,0.667],"y":[1,0.841,1]},"o":{"x":[0.333,0.501,0.333],"y":[0,0.423,0]},"t":107,"s":[100,49.277,100]},{"i":{"x":[0.667,0.667,0.667],"y":[1,1,1]},"o":{"x":[0.333,0.333,0.333],"y":[0,0,0]},"t":125,"s":[100,99,100]},{"t":139.000005661586,"s":[100,100,100]}],"ix":6}},"ao":0,"shapes":[{"ty":"gr","it":[{"ind":0,"ty":"sh","ix":1,"ks":{"a":0,"k":{"i":[[0,0],[0,0],[0,0],[0,0]],"o":[[0,0],[0,0],[0,0],[0,0]],"v":[[-19.787,-58.153],[19.787,-58.153],[19.787,58.153],[-19.787,58.153]],"c":true},"ix":2},"nm":"Path 1","mn":"ADBE Vector Shape - Group","hd":false},{"ty":"fl","c":{"a":0,"k":[0.984313785329,0.678431372549,0.094117654539,1],"ix":4},"o":{"a":0,"k":100,"ix":5},"r":1,"bm":0,"nm":"Fill 1","mn":"ADBE Vector Graphic - Fill","hd":false},{"ty":"tr","p":{"a":0,"k":[152.477,198.139],"ix":2},"a":{"a":0,"k":[0,0],"ix":1},"s":{"a":0,"k":[100,100],"ix":3},"r":{"a":0,"k":0,"ix":6},"o":{"a":0,"k":100,"ix":7},"sk":{"a":0,"k":0,"ix":4},"sa":{"a":0,"k":0,"ix":5},"nm":"Transform"}],"nm":"Group 1","np":2,"cix":2,"bm":0,"ix":1,"mn":"ADBE Vector Group","hd":false}],"ip":0,"op":140.000005702317,"st":0,"bm":0},{"ddd":0,"ind":3,"ty":4,"nm":"Bar 3/KEXP logo Outlines","sr":1,"ks":{"o":{"a":0,"k":100,"ix":11},"r":{"a":0,"k":0,"ix":10},"p":{"a":0,"k":[327.25,342.25,0],"ix":2},"a":{"a":0,"k":[207.25,256.25,0],"ix":1},"s":{"a":1,"k":[{"i":{"x":[0.667,0.479,0.667],"y":[1,1.003,1]},"o":{"x":[0.333,0.333,0.333],"y":[0,0,0]},"t":0,"s":[100,100,100]},{"i":{"x":[0.667,0.858,0.667],"y":[1,0.704,1]},"o":{"x":[0.333,0.458,0.333],"y":[0,-0.003,0]},"t":14,"s":[100,28,100]},{"i":{"x":[0.667,0.551,0.667],"y":[1,1.007,1]},"o":{"x":[0.333,0.077,0.333],"y":[0,0.193,0]},"t":31,"s":[100,61.06,100]},{"i":{"x":[0.667,0.89,0.667],"y":[1,0.601,1]},"o":{"x":[0.333,0.488,0.333],"y":[0,0.054,0]},"t":49,"s":[100,89,100]},{"i":{"x":[0.667,0.55,0.667],"y":[1,1,1]},"o":{"x":[0.333,0.327,0.333],"y":[0,0.254,0]},"t":71,"s":[100,69.479,100]},{"i":{"x":[0.667,0.764,0.667],"y":[1,0.784,1]},"o":{"x":[0.333,0.675,0.333],"y":[0,-0.017,0]},"t":77,"s":[100,33,100]},{"i":{"x":[0.667,0.464,0.667],"y":[1,0.854,1]},"o":{"x":[0.333,0.187,0.333],"y":[0,0.301,0]},"t":80,"s":[100,54.906,100]},{"i":{"x":[0.667,0.606,0.667],"y":[1,1.122,1]},"o":{"x":[0.333,0.277,0.333],"y":[0,-0.311,0]},"t":88,"s":[100,88.032,100]},{"i":{"x":[0.667,0.667,0.667],"y":[1,1,1]},"o":{"x":[0.333,0.333,0.333],"y":[0,0,0]},"t":94,"s":[100,82,100]},{"i":{"x":[0.667,0.667,0.667],"y":[1,1,1]},"o":{"x":[0.333,0.333,0.333],"y":[0,0,0]},"t":117,"s":[100,68,100]},{"t":139.000005661586,"s":[100,100,100]}],"ix":6}},"ao":0,"shapes":[{"ty":"gr","it":[{"ind":0,"ty":"sh","ix":1,"ks":{"a":0,"k":{"i":[[0,0],[0,0],[0,0],[0,0]],"o":[[0,0],[0,0],[0,0],[0,0]],"v":[[-19.787,-89.09],[19.787,-89.09],[19.787,89.09],[-19.787,89.09]],"c":true},"ix":2},"nm":"Path 1","mn":"ADBE Vector Shape - Group","hd":false},{"ty":"fl","c":{"a":0,"k":[0.984313785329,0.678431372549,0.094117654539,1],"ix":4},"o":{"a":0,"k":100,"ix":5},"r":1,"bm":0,"nm":"Fill 1","mn":"ADBE Vector Graphic - Fill","hd":false},{"ty":"tr","p":{"a":0,"k":[207.156,167.178],"ix":2},"a":{"a":0,"k":[0,0],"ix":1},"s":{"a":0,"k":[100,100],"ix":3},"r":{"a":0,"k":0,"ix":6},"o":{"a":0,"k":100,"ix":7},"sk":{"a":0,"k":0,"ix":4},"sa":{"a":0,"k":0,"ix":5},"nm":"Transform"}],"nm":"Group 1","np":2,"cix":2,"bm":0,"ix":1,"mn":"ADBE Vector Group","hd":false}],"ip":0,"op":140.000005702317,"st":0,"bm":0},{"ddd":0,"ind":4,"ty":4,"nm":"Bar 4/KEXP logo Outlines","sr":1,"ks":{"o":{"a":0,"k":100,"ix":11},"r":{"a":0,"k":0,"ix":10},"p":{"a":0,"k":[382,342.25,0],"ix":2},"a":{"a":0,"k":[262,256.25,0],"ix":1},"s":{"a":1,"k":[{"i":{"x":[0.667,0.449,0.667],"y":[1,1,1]},"o":{"x":[0.333,0.276,0.333],"y":[0,0.01,0]},"t":0,"s":[100,105,100]},{"i":{"x":[0.667,0.466,0.667],"y":[1,1,1]},"o":{"x":[0.333,0.64,0.333],"y":[0,-0.001,0]},"t":14,"s":[100,42,100]},{"i":{"x":[0.667,0.256,0.667],"y":[1,1,1]},"o":{"x":[0.333,0.629,0.333],"y":[0,0,0]},"t":42,"s":[100,97,100]},{"i":{"x":[0.667,0.529,0.667],"y":[1,1.018,1]},"o":{"x":[0.333,0.333,0.333],"y":[0,0,0]},"t":61,"s":[100,32,100]},{"i":{"x":[0.667,0.412,0.667],"y":[1,1.102,1]},"o":{"x":[0.333,0.333,0.333],"y":[0,0,0]},"t":78,"s":[100,50,100]},{"i":{"x":[0.667,0,0.667],"y":[1,0.898,1]},"o":{"x":[0.333,0.347,0.333],"y":[0,0,0]},"t":85,"s":[100,21.198,100]},{"i":{"x":[0.667,0.574,0.667],"y":[1,0.043,1]},"o":{"x":[0.333,0.129,0.333],"y":[0,0.072,0]},"t":96,"s":[100,64.745,100]},{"i":{"x":[0.667,0.455,0.667],"y":[1,0.861,1]},"o":{"x":[0.333,0.354,0.333],"y":[0,0.23,0]},"t":114,"s":[100,76.994,100]},{"i":{"x":[0.667,0.667,0.667],"y":[1,1,1]},"o":{"x":[0.333,0.293,0.333],"y":[0,2.285,0]},"t":123,"s":[100,99,100]},{"t":139.000005661586,"s":[100,100,100]}],"ix":6}},"ao":0,"shapes":[{"ty":"gr","it":[{"ind":0,"ty":"sh","ix":1,"ks":{"a":0,"k":{"i":[[0,0],[0,0],[0,0],[0,0]],"o":[[0,0],[0,0],[0,0],[0,0]],"v":[[-19.787,-71.496],[19.787,-71.496],[19.787,71.496],[-19.787,71.496]],"c":true},"ix":2},"nm":"Path 1","mn":"ADBE Vector Shape - Group","hd":false},{"ty":"fl","c":{"a":0,"k":[0.984313785329,0.678431372549,0.094117654539,1],"ix":4},"o":{"a":0,"k":100,"ix":5},"r":1,"bm":0,"nm":"Fill 1","mn":"ADBE Vector Graphic - Fill","hd":false},{"ty":"tr","p":{"a":0,"k":[261.908,184.771],"ix":2},"a":{"a":0,"k":[0,0],"ix":1},"s":{"a":0,"k":[100,100],"ix":3},"r":{"a":0,"k":0,"ix":6},"o":{"a":0,"k":100,"ix":7},"sk":{"a":0,"k":0,"ix":4},"sa":{"a":0,"k":0,"ix":5},"nm":"Transform"}],"nm":"Group 1","np":2,"cix":2,"bm":0,"ix":1,"mn":"ADBE Vector Group","hd":false}],"ip":0,"op":140.000005702317,"st":0,"bm":0},{"ddd":0,"ind":5,"ty":4,"nm":"KEXP/KEXP logo Outlines","sr":1,"ks":{"o":{"a":0,"k":100,"ix":11},"r":{"a":0,"k":0,"ix":10},"p":{"a":0,"k":[300,300,0],"ix":2},"a":{"a":0,"k":[180,214,0],"ix":1},"s":{"a":0,"k":[100,100,100],"ix":6}},"ao":0,"shapes":[{"ty":"gr","it":[{"ind":0,"ty":"sh","ix":1,"ks":{"a":0,"k":{"i":[[0,0],[1.626,0],[0,0],[0,0],[0,0],[0,2.464]],"o":[[0,-2.587],[0,0],[0,0],[0,0],[1.651,0],[0,0]],"v":[[3.708,-22.855],[1.022,-26.379],[-2.723,-26.379],[-2.723,-1.984],[1.022,-1.984],[3.708,-5.384]],"c":true},"ix":2},"nm":"Path 1","mn":"ADBE Vector Shape - Group","hd":false},{"ind":1,"ty":"sh","ix":2,"ks":{"a":0,"k":{"i":[[7.836,0],[0,0],[0,0],[0,0],[0,0],[0,0],[0,-10.916],[0,0]],"o":[[0,0],[0,0],[0,0],[0,0],[0,0],[7.86,0],[0,0],[0,10.892]],"v":[[3.117,9.622],[-2.747,9.622],[-2.747,39.044],[-17.878,39.044],[-17.878,-39.044],[3.117,-39.044],[17.878,-23.446],[17.878,-5.976]],"c":true},"ix":2},"nm":"Path 2","mn":"ADBE Vector Shape - Group","hd":false},{"ty":"mm","mm":1,"nm":"Merge Paths 1","mn":"ADBE Vector Filter - Merge","hd":false},{"ty":"fl","c":{"a":0,"k":[1,1,1,1],"ix":4},"o":{"a":0,"k":100,"ix":5},"r":1,"bm":0,"nm":"Fill 1","mn":"ADBE Vector Graphic - Fill","hd":false},{"ty":"tr","p":{"a":0,"k":[263.497,310.688],"ix":2},"a":{"a":0,"k":[0,0],"ix":1},"s":{"a":0,"k":[100,100],"ix":3},"r":{"a":0,"k":0,"ix":6},"o":{"a":0,"k":100,"ix":7},"sk":{"a":0,"k":0,"ix":4},"sa":{"a":0,"k":0,"ix":5},"nm":"Transform"}],"nm":"Group 1","np":4,"cix":2,"bm":0,"ix":1,"mn":"ADBE Vector Group","hd":false},{"ty":"gr","it":[{"ind":0,"ty":"sh","ix":1,"ks":{"a":0,"k":{"i":[[0,0],[0,0],[0,0],[0,0],[0,0],[0,0],[0,0],[0,0],[0,0],[0,0],[0,0],[0,0]],"o":[[0,0],[0,0],[0,0],[0,0],[0,0],[0,0],[0,0],[0,0],[0,0],[0,0],[0,0],[0,0]],"v":[[5.027,39.044],[-0.246,14.649],[-6.456,39.044],[-20.748,39.044],[-8.797,0.234],[-19.811,-39.044],[-4.583,-39.044],[0.468,-13.244],[6.555,-39.044],[20.748,-39.044],[9.019,-1.762],[20.378,39.044]],"c":true},"ix":2},"nm":"Path 1","mn":"ADBE Vector Shape - Group","hd":false},{"ty":"fl","c":{"a":0,"k":[1,1,1,1],"ix":4},"o":{"a":0,"k":100,"ix":5},"r":1,"bm":0,"nm":"Fill 1","mn":"ADBE Vector Graphic - Fill","hd":false},{"ty":"tr","p":{"a":0,"k":[207.18,310.688],"ix":2},"a":{"a":0,"k":[0,0],"ix":1},"s":{"a":0,"k":[100,100],"ix":3},"r":{"a":0,"k":0,"ix":6},"o":{"a":0,"k":100,"ix":7},"sk":{"a":0,"k":0,"ix":4},"sa":{"a":0,"k":0,"ix":5},"nm":"Transform"}],"nm":"Group 2","np":2,"cix":2,"bm":0,"ix":2,"mn":"ADBE Vector Group","hd":false},{"ty":"gr","it":[{"ind":0,"ty":"sh","ix":1,"ks":{"a":0,"k":{"i":[[0,0],[0,0],[0,0],[0,0],[0,0],[0,0],[0,0],[0,0],[0,0],[0,0],[0,0]],"o":[[0,0],[0,0],[0,0],[0,0],[0,0],[0,0],[0,0],[0,0],[0,0],[0,0],[0,0]],"v":[[4.46,39.044],[-4.46,1.343],[-4.46,39.044],[-19.59,39.044],[-19.59,-39.044],[-4.46,-39.044],[-4.46,1.318],[4.09,-39.044],[18.752,-39.044],[9.782,1.294],[19.59,39.044]],"c":true},"ix":2},"nm":"Path 1","mn":"ADBE Vector Shape - Group","hd":false},{"ty":"fl","c":{"a":0,"k":[1,1,1,1],"ix":4},"o":{"a":0,"k":100,"ix":5},"r":1,"bm":0,"nm":"Fill 1","mn":"ADBE Vector Graphic - Fill","hd":false},{"ty":"tr","p":{"a":0,"k":[97.921,310.688],"ix":2},"a":{"a":0,"k":[0,0],"ix":1},"s":{"a":0,"k":[100,100],"ix":3},"r":{"a":0,"k":0,"ix":6},"o":{"a":0,"k":100,"ix":7},"sk":{"a":0,"k":0,"ix":4},"sa":{"a":0,"k":0,"ix":5},"nm":"Transform"}],"nm":"Group 3","np":2,"cix":2,"bm":0,"ix":3,"mn":"ADBE Vector Group","hd":false},{"ty":"gr","it":[{"ind":0,"ty":"sh","ix":1,"ks":{"a":0,"k":{"i":[[0,0],[0,0],[0,0],[0,0],[0,0],[0,0],[0,0],[0,0],[0,0],[0,0],[0,0],[0,0],[0,0]],"o":[[0,0],[0,0],[0,0],[0,0],[0,0],[0,0],[0,0],[0,0],[0,0],[0,0],[0,0],[0,0],[0,0]],"v":[[-16.682,39.031],[-16.682,-39.056],[16.682,-39.056],[16.682,-25.799],[-0.074,-25.799],[-0.074,-8.747],[10.941,-8.747],[10.941,6.629],[-0.074,6.629],[-0.074,25.332],[16.682,25.332],[16.682,39.056],[-16.682,39.056]],"c":true},"ix":2},"nm":"Path 1","mn":"ADBE Vector Shape - Group","hd":false},{"ty":"fl","c":{"a":0,"k":[1,1,1,1],"ix":4},"o":{"a":0,"k":100,"ix":5},"r":1,"bm":0,"nm":"Fill 1","mn":"ADBE Vector Graphic - Fill","hd":false},{"ty":"tr","p":{"a":0,"k":[152.452,310.7],"ix":2},"a":{"a":0,"k":[0,0],"ix":1},"s":{"a":0,"k":[100,100],"ix":3},"r":{"a":0,"k":0,"ix":6},"o":{"a":0,"k":100,"ix":7},"sk":{"a":0,"k":0,"ix":4},"sa":{"a":0,"k":0,"ix":5},"nm":"Transform"}],"nm":"Group 4","np":2,"cix":2,"bm":0,"ix":4,"mn":"ADBE Vector Group","hd":false}],"ip":0,"op":140.000005702317,"st":0,"bm":0}]}],"layers":[{"ddd":0,"ind":1,"ty":0,"nm":"Animated bars","refId":"comp_0","sr":1,"ks":{"o":{"a":0,"k":100,"ix":11},"r":{"a":0,"k":0,"ix":10},"p":{"a":0,"k":[300,300,0],"ix":2},"a":{"a":0,"k":[300,300,0],"ix":1},"s":{"a":0,"k":[164,164,100],"ix":6}},"ao":0,"w":600,"h":600,"ip":0,"op":140.000005702317,"st":0,"bm":0}],"markers":[]}